date,silver_usd,gold_usd,usdcny,comex_registered_oz,comex_eligible_oz,open_interest,mm_net,commercial_net_short,shanghai_usd_oz,premium_pct,lease_rate_1m_pct
2025-08-05,,,,,,161262,29823,72228,,,
2025-08-12,,,,,,156432,27280,66421,,,
2025-08-19,,,,,,158477,28046,66675,,,
2025-08-26,,,,,,158630,32971,68285,,,
2025-09-02,,,,,,158368,38770,74197,,,
2025-09-09,,,,,,156703,35855,73402,,,
2025-09-16,,,,,,162954,35806,71389,,,
2025-09-23,,,,,,165805,37099,72755,,,
2025-09-30,,,,,,163837,34921,71090,,,
2025-10-01,,,7.1196,,,,,,,,
2025-10-02,,,7.1195,,,,,,,,
2025-10-03,,,7.1196,,,,,,,,
2025-10-06,,,7.1195,,,,,,,,
2025-10-07,,,7.1196,,,166474,27493,68686,,,
2025-10-08,,,7.1195,,,,,,,,
2025-10-09,,,7.1224,,,,,,,,
2025-10-10,,,7.1228,,,,,,,,
2025-10-13,,,7.1321,,,,,,,,
2025-10-14,,,7.14,,,172415,23038,64655,,,
2025-10-15,,,7.1264,,,,,,,,
2025-10-16,,,7.1258,,,,,,,,
2025-10-17,,,7.1223,,,,,,,,
2025-10-20,,,7.1235,,,,,,,,
2025-10-21,,,7.1186,,,169418,17212,57237,,,
2025-10-22,,,7.1266,,,,,,,,
2025-10-23,,,7.1244,,,,,,,,
2025-10-24,,,7.1225,,,,,,,,
2025-10-27,,,7.1075,,,,,,,,
2025-10-28,,,7.1014,,,158187,21899,55585,,,
2025-10-29,,,7.0994,,,,,,,,
2025-10-30,,,7.1143,,,,,,,,
2025-10-31,,,7.1162,,,,,,,,
2025-11-03,,,7.1206,,,,,,,,
2025-11-04,,,7.1253,,,155257,19157,52664,,,
2025-11-05,,,7.1271,,,,,,,,
2025-11-06,,,7.1195,,,,,,,,
2025-11-07,,,7.1208,,,,,,,,
2025-11-10,,,7.1193,,,159649,22655,52216,,,
2025-11-11,,,7.1185,,,,,,,,
2025-11-12,,,7.1165,,,,,,,,
2025-11-13,,,7.0961,,,,,,,,
2025-11-14,,,7.0961,,,,,,,,
2025-11-17,,,7.1076,,,,,,,,
2025-11-18,,,7.1104,,,153295,20234,53426,,,
2025-11-19,,,7.1103,,,,,,,,
2025-11-20,,,7.1138,,,,,,,,
2025-11-21,,,7.1098,,,,,,,,
2025-11-24,,,7.0888,,,,,,,,
2025-11-25,,,7.0855,,,144541,19061,53268,,,
2025-11-26,,,7.0795,,,,,,,,
2025-11-27,,,7.0834,,,,,,,,
2025-11-28,,,7.0756,,,,,,,,
2025-12-01,,,7.0718,,,,,,,,
2025-12-02,,,7.071,,,150832,18974,56639,,,
2025-12-03,,,7.0638,,,,,,,,
2025-12-04,,,7.0717,,,,,,,,
2025-12-05,,,7.0702,,,,,,,,
2025-12-08,,,7.068,,,,,,,,
2025-12-09,,,7.0643,,,154762,25775,60827,,,
2025-12-10,,,7.0625,,,,,,,,
2025-12-11,,,7.0581,,,,,,,,
2025-12-12,,,7.0547,,,,,,,,
2025-12-15,,,7.0471,,,,,,,,
2025-12-16,,,7.0423,,,152921,21887,55191,,,
2025-12-17,,,7.0439,,,,,,,,
2025-12-18,,,7.0413,,,,,,,,
2025-12-19,,,7.0411,,,,,,,,
2025-12-22,,,7.037,,,,,,,,
2025-12-23,,,7.0281,,,155710,21608,54267,,,
2025-12-24,,,7.0144,,,,,,,,
2025-12-29,,,7.0065,,,,,,,,
2025-12-30,,,6.9929,,,157391,14008,50262,,,
2025-12-31,,,7.001,,,,,,,,
2026-01-02,,,6.9937,,,,,,,,
2026-01-05,,,6.9854,,,,,,,,
2026-01-06,,,6.9844,,,153240,15822,51691,,,
2026-01-07,,,6.9912,,,,,,,,
2026-01-08,,,6.9818,,,,,,,,
2026-01-09,,,6.9823,,,,,,,,
2026-01-12,,,6.9731,,,,,,,,
2026-01-13,,,6.9756,,,151513,13792,55292,,,
2026-01-14,,,6.9734,,,,,,,,
2026-01-15,,,6.9673,,,,,,,,
2026-01-16,,,6.9697,,,,,,,,
2026-01-19,,,6.9634,,,,,,,,
2026-01-20,,,6.9589,,,152020,9946,46389,,,
2026-01-21,,,6.9639,,,,,,,,
2026-01-22,,,6.9757,,,,,,,,
2026-01-23,,,6.9646,,,,,,,,
2026-01-26,,,6.9544,,,,,,,,
2026-01-27,,,6.9548,,,156637,7699,44056,,,
2026-01-28,,,6.9464,,,,,,,,
2026-01-29,,,6.9462,,,,,,,,
2026-01-30,,,6.9497,,,,,,,,
2026-02-02,,,6.9434,,,,,,,,
2026-02-03,,,6.9381,,,143180,4983,45725,,,
2026-02-04,,,6.9417,,,,,,,,
2026-02-05,,,6.9392,,,,,,,,
2026-02-06,,,6.939,,,,,,,,
2026-02-09,,,6.9225,,,,,,,,
2026-02-10,,,6.9148,,,133641,4569,42163,,,
2026-02-11,,,6.9113,,,,,,,,
2026-02-12,,,6.9011,,,,,,,,
2026-02-13,,,6.9086,,,,,,,,
2026-02-16,,,6.9086,,,,,,,,
2026-02-17,,,6.9087,,,131496,5968,42347,,,
2026-02-18,,,6.9087,,,,,,,,
2026-02-19,,,6.9086,,,,,,,,
2026-02-20,,,6.9086,,,,,,,,
2026-02-23,,,6.9087,,,,,,,,
2026-02-24,,,6.8817,,,125454,8523,41080,,,
2026-02-25,,,6.8695,,,,,,,,
2026-02-26,,,6.8413,,,,,,,,
2026-02-27,,,6.8582,,,,,,,,
2026-03-02,,,6.8825,,,,,,,,
2026-03-03,,,6.9076,,,113326,7766,39966,,,
2026-03-04,,,6.8973,,,,,,,,
2026-03-05,,,6.9011,,,,,,,,
2026-03-06,,,6.9047,,,,,,,,
2026-03-09,,,6.9173,,,,,,,,
2026-03-10,,,6.8772,,,115458,10289,41577,,,
2026-03-11,,,6.8662,,,,,,,,
2026-03-12,,,6.869,,,,,,,,
2026-03-13,,,6.8966,,,,,,,,
2026-03-16,,,6.8961,,,,,,,,
2026-03-17,,,6.8868,,,114758,9647,38358,,,
2026-03-18,,,6.8882,,,,,,,,
2026-03-19,,,6.9004,,,,,,,,
2026-03-20,,,6.8943,,,,,,,,
2026-03-23,,,6.8917,,,,,,,,
2026-03-24,,,6.8934,,,113164,11158,40288,,,
2026-03-25,,,6.8995,,,,,,,,
2026-03-26,,,6.9102,,,,,,,,
2026-03-27,,,6.9138,,,,,,,,
2026-03-30,,,6.9114,,,,,,,,
2026-03-31,,,6.9004,,,115169,11266,38857,,,
2026-04-01,,,6.8738,,,,,,,,
2026-04-02,,,6.8976,,,,,,,,
2026-04-07,,,6.8574,,,115138,10398,38915,,,
2026-04-08,,,6.8297,,,,,,,,
2026-04-09,,,6.8347,,,,,,,,
2026-04-10,,,6.8284,,,,,,,,
2026-04-13,,,6.8322,,,,,,,,
2026-04-14,,,6.8158,,,116983,11270,40133,,,
2026-04-15,,,6.8211,,,,,,,,
2026-04-16,,,6.8213,,,,,,,,
2026-04-17,,,6.8223,,,,,,,,
2026-04-20,,,6.8177,,,,,,,,
2026-04-21,,,6.8158,,,115462,8868,40985,,,
2026-04-22,,,6.8244,,,,,,,,
2026-04-23,,,6.835,,,,,,,,
2026-04-24,,,6.8363,,,,,,,,
2026-04-27,,,6.8231,,,,,,,,
2026-04-28,,,6.8388,,,101275,10606,40452,,,
2026-04-29,,,6.8335,,,,,,,,
2026-04-30,,,6.8287,,,,,,,,
2026-05-04,,,6.8303,,,,,,,,
2026-05-05,,,6.8302,,,96932,10843,40535,,,
2026-05-06,,,6.8112,,,,,,,,
2026-05-07,,,6.8019,,,,,,,,
2026-05-08,,,6.8012,,,,,,,,
2026-05-11,,,6.7965,,,,,,,,
2026-05-12,,,6.7921,,,103800,15761,43646,,,
2026-05-13,,,6.791,,,,,,,,
2026-05-14,,,6.7852,,,,,,,,
2026-05-15,,,6.8106,,,,,,,,
2026-05-18,,,6.8002,,,,,,,,
2026-05-19,,,6.8061,,,100751,11564,42668,,,
2026-05-20,,,6.8028,,,,,,,,
2026-05-21,,,6.8022,,,,,,,,
2026-05-22,,,6.7953,,,,,,,,
2026-05-25,,,6.7843,,,,,,,,
2026-05-26,,,6.7852,,,101744,10055,40893,,,
2026-05-27,,,6.7821,,,,,,,,
2026-05-28,,,6.7799,,,,,,,,
2026-05-29,,,6.7668,,,,,,,,
2026-06-01,,,6.7651,,,,,,,,
2026-06-02,,,6.7626,,,102809,10444,42661,,,
2026-06-03,,,6.7694,,,,,,,,
2026-06-04,,,6.7739,,,,,,,,
2026-06-05,,,6.7656,,,,,,,,
2026-06-08,,,6.7819,,,,,,,,
2026-06-09,,,6.7715,,,103440,10403,40368,,,
2026-06-10,,,6.7807,,,,,,,,
2026-06-11,,,6.7774,,,,,,,,
2026-06-12,,,6.7623,,,,,,,,
2026-06-15,,,6.757,,,,,,,,
2026-06-16,,,6.7564,,,107721,12885,42318,,,
2026-06-17,,,6.7595,,,,,,,,
2026-06-18,,,6.7716,,,,,,,,
2026-06-19,,,6.7693,,,,,,,,
2026-06-22,,,6.7748,,,,,,,,
2026-06-23,,,6.7857,,,108944,11741,40240,,,
2026-06-24,,,6.8109,,,,,,,,
2026-06-25,,,6.7982,,,,,,,,
2026-06-26,,,6.7982,,,,,,,,
2026-06-29,,,6.794,,,,,,,,
2026-06-30,,,6.7855,,,108964,13782,41325,,,
2026-07-01,,,6.7945,,,,,,,,
2026-07-02,,,6.789,,,,,,,,
2026-07-03,,,6.7814,,,,,,,,
2026-07-06,,,6.7957,,,,,,,,
2026-07-07,,,6.7935,,,104859,13201,43095,,,
2026-07-08,,,6.8002,,,,,,,,
2026-07-09,,,6.796,,,,,,,,
2026-07-10,,,6.7745,,,,,,,,
2026-07-13,,,6.7776,,,,,,,,
2026-07-14,,,6.7801,,,105023,11501,42597,,,
2026-07-15,,,6.7743,,,,,,,,
2026-07-16,,,6.7669,,,,,,,,
2026-07-17,,,6.7775,,,,,,,,
2026-07-20,,,6.7669,,,,,,,,
2026-07-21,,,6.7661,,,106410,11282,40453,,,
2026-07-22,,,6.773,,,,,,,,
2026-07-23,,,6.7703,,,,,,,,
2026-07-24,,,6.7722,,,,,,,,
2026-07-27,,,6.7661,,,,,,,,
2026-07-28,,,6.7713,,,106719,9182,38809,,,
2026-07-29,,,6.7663,,,,,,,,
2026-07-30,,,6.7551,,,,,,,,
2026-07-31,,,6.7513,,,,,,,,
2026-08-03,,,6.7526,,,,,,,,
2026-08-04,,,6.7535,,,111999,11974,40422,,,
2026-08-05,,,6.75,,,,,,,,
2026-08-06,,,6.7491,,,,,,,,
2026-08-07,,,6.7476,,,,,,,,
2026-08-10,,,6.7444,,,,,,,,
2026-08-11,,,6.7453,,,115127,11158,43974,,,
2026-08-12,,,6.7432,,,,,,,,
2026-08-13,,,6.743,,,,,,,,
2026-08-14,,,6.7413,,,,,,,,
2026-08-17,,,6.7394,,,,,,,,
2026-08-18,,,6.7423,,,120117,11695,44792,,,
2026-08-19,,,6.7382,,,,,,,,
2026-08-20,,,6.7236,,,,,,,,
2026-08-21,,,6.7206,,,,,,,,
2026-08-24,,,6.7227,,,,,,,,
2026-08-25,,,6.7198,,,113801,14073,45053,,,
2026-08-26,,,6.7205,,,,,,,,
2026-08-27,,,6.7203,,,,,,,,
2026-08-28,,,6.7209,,,,,,,,
2026-08-31,,,6.7197,,,,,,,,
2026-09-01,,,6.7223,,,104362,12598,45280,,,
2026-09-02,,,6.7215,,,,,,,,
2026-09-03,,,6.7191,,,,,,,,
2026-09-04,,,6.7109,,,,,,,,
2026-09-07,,,6.711,,,,,,,,
2026-09-08,,,6.7105,,,103250,14386,44908,,,
2026-09-09,,,6.7078,,,,,,,,
2026-09-10,,,6.7063,,,,,,,,
2026-09-11,,,6.7082,,,,,,,,
2026-09-14,,,6.7084,,,,,,,,
2026-09-15,,,6.7115,,,103745,13124,42700,,,
2026-09-16,,,6.7071,,,,,,,,
2026-09-17,,,6.7075,,,,,,,,
2026-09-18,,,6.6976,,,,,,,,
2026-09-21,,,6.6954,,,,,,,,
2026-09-22,,,6.7001,,,106474,13309,44754,,,
2026-09-23,,,6.7074,,,,,,,,
2026-09-24,,,6.7126,,,,,,,,
2026-09-25,,,6.7132,,,,,,,,
2026-09-28,,,6.7105,,,,,,,,
2026-09-29,,,6.7034,99200000,,,,,,,
2026-09-30,,,6.7045,,,,,,,,
2026-10-01,,,6.7045,,,,,,,,
2026-10-02,61.201,4183.2,,,,,,,,,
